{"camera_matrix": [[5313.0896429940185, 0.0, 969.6994897319912], [0.0, 5316.284883213312, 579.4364829726002], [0.0, 0.0, 1.0]], "dist_coeff": [[0.03871955670583599, -0.6768835261687228, -0.002712538182113158, -0.0027691704338154207, 7.442048469581766]]}