{"camera_matrix": [[1961.9069321952852, 0.0, 1291.6231923207442], [0.0, 1963.6357163349737, 782.2880301680314], [0.0, 0.0, 1.0]], "dist_coeff": [[-0.3660535648558592, 0.16094923775869802, -0.002001427966957943, -0.00032120285083953216, -0.05864398494858969]]}